Company Name,Industry,Target Audience,Company Size,Partnership Notes
BrightPath EduTech,EdTech,College students preparing for competitive exams,Medium,Looking to expand test-prep content library through partnerships
SkillForge Academy,EdTech,Working professionals seeking upskilling courses,Large,Actively seeking co-marketing partnerships with career coaching platforms
CareerLeap Consulting,Professional Services,Job seekers and career changers,Small,Interested in exploring bundled career counseling offerings
QuantumMind Analytics,EdTech / Data Science,Aspiring data scientists and analysts,Medium,Open to referral partnerships and joint webinars
NexGen Coding Bootcamp,EdTech,Beginner to intermediate coders,Large,Eager to expand student pipeline through partnerships
FinWise Learning,FinTech Education,Finance and MBA aspirants,Medium,Exploring cross-promotion with test-prep platforms
UrbanCraft Retail,Retail,General consumers and young professionals,Large,Not actively seeking education partnerships mainly brand collaborations
GreenLeaf Organics,FMCG,Health-conscious consumers,Small,Limited overlap with occasional sponsorship interest
PixelWave Studios,Media & Entertainment,Young adults and students,Medium,Interested in content collaboration and creator partnerships
TechNova Solutions,IT Services,Businesses needing software solutions,Large,Open to enterprise partnership discussions with moderate overlap
MindSpark Tutorials,EdTech,School students preparing for board exams,Medium,Actively seeking referral partnerships with coaching institutes
CodeCraft Institute,EdTech,College students learning programming,Small,Open to exploring joint bootcamp offerings
Ascend MBA Prep,FinTech Education,MBA aspirants and finance professionals,Medium,Eager to expand through cross-promotion with exam-prep platforms
DataPeak Academy,EdTech / Data Science,Working professionals upskilling in analytics,Large,Actively seeking co-branded webinar partnerships
WorkWise Careers,Professional Services,Recent graduates and job seekers,Small,Interested in bundled placement assistance partnerships
BrandLoop Media,Media & Entertainment,Young professionals and content creators,Medium,Looking to expand through creator collaboration partnerships
FreshMart Grocers,Retail,Local households and families,Large,Limited overlap mainly interested in local sponsorships
NatureBloom Wellness,FMCG,Health-conscious young adults,Small,Occasional interest in wellness sponsorships
CloudEdge Systems,IT Services,Startups needing cloud infrastructure,Medium,Open to exploring enterprise partnership discussions
NextStep Career Labs,Professional Services,Career changers and upskillers,Medium,Actively seeking partnerships with test-prep platforms
UpSkill Hub,EdTech,Working professionals seeking certifications,Large,Eager to expand student base through referral partnerships
